DateKey,Date,Day,Month,Quarter,Year
20230101,2023-01-01,Sunday,Jan,1,2023
20230102,2023-01-02,Monday,Jan,1,2023
20230103,2023-01-03,Tuesday,Jan,1,2023
20230104,2023-01-04,Wednesday,Jan,1,2023
20230105,2023-01-05,Thursday,Jan,1,2023
20230106,2023-01-06,Friday,Jan,1,2023
20230107,2023-01-07,Saturday,Jan,1,2023
20230108,2023-01-08,Sunday,Jan,1,2023
20230109,2023-01-09,Monday,Jan,1,2023
20230110,2023-01-10,Tuesday,Jan,1,2023
20230111,2023-01-11,Wednesday,Jan,1,2023
20230112,2023-01-12,Thursday,Jan,1,2023
20230113,2023-01-13,Friday,Jan,1,2023
20230114,2023-01-14,Saturday,Jan,1,2023
20230115,2023-01-15,Sunday,Jan,1,2023
20230116,2023-01-16,Monday,Jan,1,2023
20230117,2023-01-17,Tuesday,Jan,1,2023
20230118,2023-01-18,Wednesday,Jan,1,2023
20230119,2023-01-19,Thursday,Jan,1,2023
20230120,2023-01-20,Friday,Jan,1,2023
20230121,2023-01-21,Saturday,Jan,1,2023
20230122,2023-01-22,Sunday,Jan,1,2023
20230123,2023-01-23,Monday,Jan,1,2023
20230124,2023-01-24,Tuesday,Jan,1,2023
20230125,2023-01-25,Wednesday,Jan,1,2023
20230126,2023-01-26,Thursday,Jan,1,2023
20230127,2023-01-27,Friday,Jan,1,2023
20230128,2023-01-28,Saturday,Jan,1,2023
20230129,2023-01-29,Sunday,Jan,1,2023
20230130,2023-01-30,Monday,Jan,1,2023
20230131,2023-01-31,Tuesday,Jan,1,2023
20230201,2023-02-01,Wednesday,Feb,1,2023
20230202,2023-02-02,Thursday,Feb,1,2023
20230203,2023-02-03,Friday,Feb,1,2023
20230204,2023-02-04,Saturday,Feb,1,2023
20230205,2023-02-05,Sunday,Feb,1,2023
20230206,2023-02-06,Monday,Feb,1,2023
20230207,2023-02-07,Tuesday,Feb,1,2023
20230208,2023-02-08,Wednesday,Feb,1,2023
20230209,2023-02-09,Thursday,Feb,1,2023
20230210,2023-02-10,Friday,Feb,1,2023
20230211,2023-02-11,Saturday,Feb,1,2023
20230212,2023-02-12,Sunday,Feb,1,2023
20230213,2023-02-13,Monday,Feb,1,2023
20230214,2023-02-14,Tuesday,Feb,1,2023
20230215,2023-02-15,Wednesday,Feb,1,2023
20230216,2023-02-16,Thursday,Feb,1,2023
20230217,2023-02-17,Friday,Feb,1,2023
20230218,2023-02-18,Saturday,Feb,1,2023
20230219,2023-02-19,Sunday,Feb,1,2023
20230220,2023-02-20,Monday,Feb,1,2023
20230221,2023-02-21,Tuesday,Feb,1,2023
20230222,2023-02-22,Wednesday,Feb,1,2023
20230223,2023-02-23,Thursday,Feb,1,2023
20230224,2023-02-24,Friday,Feb,1,2023
20230225,2023-02-25,Saturday,Feb,1,2023
20230226,2023-02-26,Sunday,Feb,1,2023
20230227,2023-02-27,Monday,Feb,1,2023
20230228,2023-02-28,Tuesday,Feb,1,2023
20230301,2023-03-01,Wednesday,Mar,1,2023
20230302,2023-03-02,Thursday,Mar,1,2023
20230303,2023-03-03,Friday,Mar,1,2023
20230304,2023-03-04,Saturday,Mar,1,2023
20230305,2023-03-05,Sunday,Mar,1,2023
20230306,2023-03-06,Monday,Mar,1,2023
20230307,2023-03-07,Tuesday,Mar,1,2023
20230308,2023-03-08,Wednesday,Mar,1,2023
20230309,2023-03-09,Thursday,Mar,1,2023
20230310,2023-03-10,Friday,Mar,1,2023
20230311,2023-03-11,Saturday,Mar,1,2023
20230312,2023-03-12,Sunday,Mar,1,2023
20230313,2023-03-13,Monday,Mar,1,2023
20230314,2023-03-14,Tuesday,Mar,1,2023
20230315,2023-03-15,Wednesday,Mar,1,2023
20230316,2023-03-16,Thursday,Mar,1,2023
20230317,2023-03-17,Friday,Mar,1,2023
20230318,2023-03-18,Saturday,Mar,1,2023
20230319,2023-03-19,Sunday,Mar,1,2023
20230320,2023-03-20,Monday,Mar,1,2023
20230321,2023-03-21,Tuesday,Mar,1,2023
20230322,2023-03-22,Wednesday,Mar,1,2023
20230323,2023-03-23,Thursday,Mar,1,2023
20230324,2023-03-24,Friday,Mar,1,2023
20230325,2023-03-25,Saturday,Mar,1,2023
20230326,2023-03-26,Sunday,Mar,1,2023
20230327,2023-03-27,Monday,Mar,1,2023
20230328,2023-03-28,Tuesday,Mar,1,2023
20230329,2023-03-29,Wednesday,Mar,1,2023
20230330,2023-03-30,Thursday,Mar,1,2023
20230331,2023-03-31,Friday,Mar,1,2023
20230401,2023-04-01,Saturday,Apr,2,2023
20230402,2023-04-02,Sunday,Apr,2,2023
20230403,2023-04-03,Monday,Apr,2,2023
20230404,2023-04-04,Tuesday,Apr,2,2023
20230405,2023-04-05,Wednesday,Apr,2,2023
20230406,2023-04-06,Thursday,Apr,2,2023
20230407,2023-04-07,Friday,Apr,2,2023
20230408,2023-04-08,Saturday,Apr,2,2023
20230409,2023-04-09,Sunday,Apr,2,2023
20230410,2023-04-10,Monday,Apr,2,2023
20230411,2023-04-11,Tuesday,Apr,2,2023
20230412,2023-04-12,Wednesday,Apr,2,2023
20230413,2023-04-13,Thursday,Apr,2,2023
20230414,2023-04-14,Friday,Apr,2,2023
20230415,2023-04-15,Saturday,Apr,2,2023
20230416,2023-04-16,Sunday,Apr,2,2023
20230417,2023-04-17,Monday,Apr,2,2023
20230418,2023-04-18,Tuesday,Apr,2,2023
20230419,2023-04-19,Wednesday,Apr,2,2023
20230420,2023-04-20,Thursday,Apr,2,2023
20230421,2023-04-21,Friday,Apr,2,2023
20230422,2023-04-22,Saturday,Apr,2,2023
20230423,2023-04-23,Sunday,Apr,2,2023
20230424,2023-04-24,Monday,Apr,2,2023
20230425,2023-04-25,Tuesday,Apr,2,2023
20230426,2023-04-26,Wednesday,Apr,2,2023
20230427,2023-04-27,Thursday,Apr,2,2023
20230428,2023-04-28,Friday,Apr,2,2023
20230429,2023-04-29,Saturday,Apr,2,2023
20230430,2023-04-30,Sunday,Apr,2,2023
20230501,2023-05-01,Monday,May,2,2023
20230502,2023-05-02,Tuesday,May,2,2023
20230503,2023-05-03,Wednesday,May,2,2023
20230504,2023-05-04,Thursday,May,2,2023
20230505,2023-05-05,Friday,May,2,2023
20230506,2023-05-06,Saturday,May,2,2023
20230507,2023-05-07,Sunday,May,2,2023
20230508,2023-05-08,Monday,May,2,2023
20230509,2023-05-09,Tuesday,May,2,2023
20230510,2023-05-10,Wednesday,May,2,2023
20230511,2023-05-11,Thursday,May,2,2023
20230512,2023-05-12,Friday,May,2,2023
20230513,2023-05-13,Saturday,May,2,2023
20230514,2023-05-14,Sunday,May,2,2023
20230515,2023-05-15,Monday,May,2,2023
20230516,2023-05-16,Tuesday,May,2,2023
20230517,2023-05-17,Wednesday,May,2,2023
20230518,2023-05-18,Thursday,May,2,2023
20230519,2023-05-19,Friday,May,2,2023
20230520,2023-05-20,Saturday,May,2,2023
20230521,2023-05-21,Sunday,May,2,2023
20230522,2023-05-22,Monday,May,2,2023
20230523,2023-05-23,Tuesday,May,2,2023
20230524,2023-05-24,Wednesday,May,2,2023
20230525,2023-05-25,Thursday,May,2,2023
20230526,2023-05-26,Friday,May,2,2023
20230527,2023-05-27,Saturday,May,2,2023
20230528,2023-05-28,Sunday,May,2,2023
20230529,2023-05-29,Monday,May,2,2023
20230530,2023-05-30,Tuesday,May,2,2023
20230531,2023-05-31,Wednesday,May,2,2023
20230601,2023-06-01,Thursday,Jun,2,2023
20230602,2023-06-02,Friday,Jun,2,2023
20230603,2023-06-03,Saturday,Jun,2,2023
20230604,2023-06-04,Sunday,Jun,2,2023
20230605,2023-06-05,Monday,Jun,2,2023
20230606,2023-06-06,Tuesday,Jun,2,2023
20230607,2023-06-07,Wednesday,Jun,2,2023
20230608,2023-06-08,Thursday,Jun,2,2023
20230609,2023-06-09,Friday,Jun,2,2023
20230610,2023-06-10,Saturday,Jun,2,2023
20230611,2023-06-11,Sunday,Jun,2,2023
20230612,2023-06-12,Monday,Jun,2,2023
20230613,2023-06-13,Tuesday,Jun,2,2023
20230614,2023-06-14,Wednesday,Jun,2,2023
20230615,2023-06-15,Thursday,Jun,2,2023
20230616,2023-06-16,Friday,Jun,2,2023
20230617,2023-06-17,Saturday,Jun,2,2023
20230618,2023-06-18,Sunday,Jun,2,2023
20230619,2023-06-19,Monday,Jun,2,2023
20230620,2023-06-20,Tuesday,Jun,2,2023
20230621,2023-06-21,Wednesday,Jun,2,2023
20230622,2023-06-22,Thursday,Jun,2,2023
20230623,2023-06-23,Friday,Jun,2,2023
20230624,2023-06-24,Saturday,Jun,2,2023
20230625,2023-06-25,Sunday,Jun,2,2023
20230626,2023-06-26,Monday,Jun,2,2023
20230627,2023-06-27,Tuesday,Jun,2,2023
20230628,2023-06-28,Wednesday,Jun,2,2023
20230629,2023-06-29,Thursday,Jun,2,2023
20230630,2023-06-30,Friday,Jun,2,2023
20230701,2023-07-01,Saturday,Jul,3,2023
20230702,2023-07-02,Sunday,Jul,3,2023
20230703,2023-07-03,Monday,Jul,3,2023
20230704,2023-07-04,Tuesday,Jul,3,2023
20230705,2023-07-05,Wednesday,Jul,3,2023
20230706,2023-07-06,Thursday,Jul,3,2023
20230707,2023-07-07,Friday,Jul,3,2023
20230708,2023-07-08,Saturday,Jul,3,2023
20230709,2023-07-09,Sunday,Jul,3,2023
20230710,2023-07-10,Monday,Jul,3,2023
20230711,2023-07-11,Tuesday,Jul,3,2023
20230712,2023-07-12,Wednesday,Jul,3,2023
20230713,2023-07-13,Thursday,Jul,3,2023
20230714,2023-07-14,Friday,Jul,3,2023
20230715,2023-07-15,Saturday,Jul,3,2023
20230716,2023-07-16,Sunday,Jul,3,2023
20230717,2023-07-17,Monday,Jul,3,2023
20230718,2023-07-18,Tuesday,Jul,3,2023
20230719,2023-07-19,Wednesday,Jul,3,2023
20230720,2023-07-20,Thursday,Jul,3,2023
20230721,2023-07-21,Friday,Jul,3,2023
20230722,2023-07-22,Saturday,Jul,3,2023
20230723,2023-07-23,Sunday,Jul,3,2023
20230724,2023-07-24,Monday,Jul,3,2023
20230725,2023-07-25,Tuesday,Jul,3,2023
20230726,2023-07-26,Wednesday,Jul,3,2023
20230727,2023-07-27,Thursday,Jul,3,2023
20230728,2023-07-28,Friday,Jul,3,2023
20230729,2023-07-29,Saturday,Jul,3,2023
20230730,2023-07-30,Sunday,Jul,3,2023
20230731,2023-07-31,Monday,Jul,3,2023
20230801,2023-08-01,Tuesday,Aug,3,2023
20230802,2023-08-02,Wednesday,Aug,3,2023
20230803,2023-08-03,Thursday,Aug,3,2023
20230804,2023-08-04,Friday,Aug,3,2023
20230805,2023-08-05,Saturday,Aug,3,2023
20230806,2023-08-06,Sunday,Aug,3,2023
20230807,2023-08-07,Monday,Aug,3,2023
20230808,2023-08-08,Tuesday,Aug,3,2023
20230809,2023-08-09,Wednesday,Aug,3,2023
20230810,2023-08-10,Thursday,Aug,3,2023
20230811,2023-08-11,Friday,Aug,3,2023
20230812,2023-08-12,Saturday,Aug,3,2023
20230813,2023-08-13,Sunday,Aug,3,2023
20230814,2023-08-14,Monday,Aug,3,2023
20230815,2023-08-15,Tuesday,Aug,3,2023
20230816,2023-08-16,Wednesday,Aug,3,2023
20230817,2023-08-17,Thursday,Aug,3,2023
20230818,2023-08-18,Friday,Aug,3,2023
20230819,2023-08-19,Saturday,Aug,3,2023
20230820,2023-08-20,Sunday,Aug,3,2023
20230821,2023-08-21,Monday,Aug,3,2023
20230822,2023-08-22,Tuesday,Aug,3,2023
20230823,2023-08-23,Wednesday,Aug,3,2023
20230824,2023-08-24,Thursday,Aug,3,2023
20230825,2023-08-25,Friday,Aug,3,2023
20230826,2023-08-26,Saturday,Aug,3,2023
20230827,2023-08-27,Sunday,Aug,3,2023
20230828,2023-08-28,Monday,Aug,3,2023
20230829,2023-08-29,Tuesday,Aug,3,2023
20230830,2023-08-30,Wednesday,Aug,3,2023
20230831,2023-08-31,Thursday,Aug,3,2023
20230901,2023-09-01,Friday,Sep,3,2023
20230902,2023-09-02,Saturday,Sep,3,2023
20230903,2023-09-03,Sunday,Sep,3,2023
20230904,2023-09-04,Monday,Sep,3,2023
20230905,2023-09-05,Tuesday,Sep,3,2023
20230906,2023-09-06,Wednesday,Sep,3,2023
20230907,2023-09-07,Thursday,Sep,3,2023
20230908,2023-09-08,Friday,Sep,3,2023
20230909,2023-09-09,Saturday,Sep,3,2023
20230910,2023-09-10,Sunday,Sep,3,2023
20230911,2023-09-11,Monday,Sep,3,2023
20230912,2023-09-12,Tuesday,Sep,3,2023
20230913,2023-09-13,Wednesday,Sep,3,2023
20230914,2023-09-14,Thursday,Sep,3,2023
20230915,2023-09-15,Friday,Sep,3,2023
20230916,2023-09-16,Saturday,Sep,3,2023
20230917,2023-09-17,Sunday,Sep,3,2023
20230918,2023-09-18,Monday,Sep,3,2023
20230919,2023-09-19,Tuesday,Sep,3,2023
20230920,2023-09-20,Wednesday,Sep,3,2023
20230921,2023-09-21,Thursday,Sep,3,2023
20230922,2023-09-22,Friday,Sep,3,2023
20230923,2023-09-23,Saturday,Sep,3,2023
20230924,2023-09-24,Sunday,Sep,3,2023
20230925,2023-09-25,Monday,Sep,3,2023
20230926,2023-09-26,Tuesday,Sep,3,2023
20230927,2023-09-27,Wednesday,Sep,3,2023
20230928,2023-09-28,Thursday,Sep,3,2023
20230929,2023-09-29,Friday,Sep,3,2023
20230930,2023-09-30,Saturday,Sep,3,2023
20231001,2023-10-01,Sunday,Oct,4,2023
20231002,2023-10-02,Monday,Oct,4,2023
20231003,2023-10-03,Tuesday,Oct,4,2023
20231004,2023-10-04,Wednesday,Oct,4,2023
20231005,2023-10-05,Thursday,Oct,4,2023
20231006,2023-10-06,Friday,Oct,4,2023
20231007,2023-10-07,Saturday,Oct,4,2023
20231008,2023-10-08,Sunday,Oct,4,2023
20231009,2023-10-09,Monday,Oct,4,2023
20231010,2023-10-10,Tuesday,Oct,4,2023
20231011,2023-10-11,Wednesday,Oct,4,2023
20231012,2023-10-12,Thursday,Oct,4,2023
20231013,2023-10-13,Friday,Oct,4,2023
20231014,2023-10-14,Saturday,Oct,4,2023
20231015,2023-10-15,Sunday,Oct,4,2023
20231016,2023-10-16,Monday,Oct,4,2023
20231017,2023-10-17,Tuesday,Oct,4,2023
20231018,2023-10-18,Wednesday,Oct,4,2023
20231019,2023-10-19,Thursday,Oct,4,2023
20231020,2023-10-20,Friday,Oct,4,2023
20231021,2023-10-21,Saturday,Oct,4,2023
20231022,2023-10-22,Sunday,Oct,4,2023
20231023,2023-10-23,Monday,Oct,4,2023
20231024,2023-10-24,Tuesday,Oct,4,2023
20231025,2023-10-25,Wednesday,Oct,4,2023
20231026,2023-10-26,Thursday,Oct,4,2023
20231027,2023-10-27,Friday,Oct,4,2023
20231028,2023-10-28,Saturday,Oct,4,2023
20231029,2023-10-29,Sunday,Oct,4,2023
20231030,2023-10-30,Monday,Oct,4,2023
20231031,2023-10-31,Tuesday,Oct,4,2023
20231101,2023-11-01,Wednesday,Nov,4,2023
20231102,2023-11-02,Thursday,Nov,4,2023
20231103,2023-11-03,Friday,Nov,4,2023
20231104,2023-11-04,Saturday,Nov,4,2023
20231105,2023-11-05,Sunday,Nov,4,2023
20231106,2023-11-06,Monday,Nov,4,2023
20231107,2023-11-07,Tuesday,Nov,4,2023
20231108,2023-11-08,Wednesday,Nov,4,2023
20231109,2023-11-09,Thursday,Nov,4,2023
20231110,2023-11-10,Friday,Nov,4,2023
20231111,2023-11-11,Saturday,Nov,4,2023
20231112,2023-11-12,Sunday,Nov,4,2023
20231113,2023-11-13,Monday,Nov,4,2023
20231114,2023-11-14,Tuesday,Nov,4,2023
20231115,2023-11-15,Wednesday,Nov,4,2023
20231116,2023-11-16,Thursday,Nov,4,2023
20231117,2023-11-17,Friday,Nov,4,2023
20231118,2023-11-18,Saturday,Nov,4,2023
20231119,2023-11-19,Sunday,Nov,4,2023
20231120,2023-11-20,Monday,Nov,4,2023
20231121,2023-11-21,Tuesday,Nov,4,2023
20231122,2023-11-22,Wednesday,Nov,4,2023
20231123,2023-11-23,Thursday,Nov,4,2023
20231124,2023-11-24,Friday,Nov,4,2023
20231125,2023-11-25,Saturday,Nov,4,2023
20231126,2023-11-26,Sunday,Nov,4,2023
20231127,2023-11-27,Monday,Nov,4,2023
20231128,2023-11-28,Tuesday,Nov,4,2023
20231129,2023-11-29,Wednesday,Nov,4,2023
20231130,2023-11-30,Thursday,Nov,4,2023
20231201,2023-12-01,Friday,Dec,4,2023
20231202,2023-12-02,Saturday,Dec,4,2023
20231203,2023-12-03,Sunday,Dec,4,2023
20231204,2023-12-04,Monday,Dec,4,2023
20231205,2023-12-05,Tuesday,Dec,4,2023
20231206,2023-12-06,Wednesday,Dec,4,2023
20231207,2023-12-07,Thursday,Dec,4,2023
20231208,2023-12-08,Friday,Dec,4,2023
20231209,2023-12-09,Saturday,Dec,4,2023
20231210,2023-12-10,Sunday,Dec,4,2023
20231211,2023-12-11,Monday,Dec,4,2023
20231212,2023-12-12,Tuesday,Dec,4,2023
20231213,2023-12-13,Wednesday,Dec,4,2023
20231214,2023-12-14,Thursday,Dec,4,2023
20231215,2023-12-15,Friday,Dec,4,2023
20231216,2023-12-16,Saturday,Dec,4,2023
20231217,2023-12-17,Sunday,Dec,4,2023
20231218,2023-12-18,Monday,Dec,4,2023
20231219,2023-12-19,Tuesday,Dec,4,2023
20231220,2023-12-20,Wednesday,Dec,4,2023
20231221,2023-12-21,Thursday,Dec,4,2023
20231222,2023-12-22,Friday,Dec,4,2023
20231223,2023-12-23,Saturday,Dec,4,2023
20231224,2023-12-24,Sunday,Dec,4,2023
20231225,2023-12-25,Monday,Dec,4,2023
20231226,2023-12-26,Tuesday,Dec,4,2023
20231227,2023-12-27,Wednesday,Dec,4,2023
20231228,2023-12-28,Thursday,Dec,4,2023
20231229,2023-12-29,Friday,Dec,4,2023
20231230,2023-12-30,Saturday,Dec,4,2023
20231231,2023-12-31,Sunday,Dec,4,2023
20240101,2024-01-01,Monday,Jan,1,2024
20240102,2024-01-02,Tuesday,Jan,1,2024
20240103,2024-01-03,Wednesday,Jan,1,2024
20240104,2024-01-04,Thursday,Jan,1,2024
20240105,2024-01-05,Friday,Jan,1,2024
20240106,2024-01-06,Saturday,Jan,1,2024
20240107,2024-01-07,Sunday,Jan,1,2024
20240108,2024-01-08,Monday,Jan,1,2024
20240109,2024-01-09,Tuesday,Jan,1,2024
20240110,2024-01-10,Wednesday,Jan,1,2024
20240111,2024-01-11,Thursday,Jan,1,2024
20240112,2024-01-12,Friday,Jan,1,2024
20240113,2024-01-13,Saturday,Jan,1,2024
20240114,2024-01-14,Sunday,Jan,1,2024
20240115,2024-01-15,Monday,Jan,1,2024
20240116,2024-01-16,Tuesday,Jan,1,2024
20240117,2024-01-17,Wednesday,Jan,1,2024
20240118,2024-01-18,Thursday,Jan,1,2024
20240119,2024-01-19,Friday,Jan,1,2024
20240120,2024-01-20,Saturday,Jan,1,2024
20240121,2024-01-21,Sunday,Jan,1,2024
20240122,2024-01-22,Monday,Jan,1,2024
20240123,2024-01-23,Tuesday,Jan,1,2024
20240124,2024-01-24,Wednesday,Jan,1,2024
20240125,2024-01-25,Thursday,Jan,1,2024
20240126,2024-01-26,Friday,Jan,1,2024
20240127,2024-01-27,Saturday,Jan,1,2024
20240128,2024-01-28,Sunday,Jan,1,2024
20240129,2024-01-29,Monday,Jan,1,2024
20240130,2024-01-30,Tuesday,Jan,1,2024
20240131,2024-01-31,Wednesday,Jan,1,2024
20240201,2024-02-01,Thursday,Feb,1,2024
20240202,2024-02-02,Friday,Feb,1,2024
20240203,2024-02-03,Saturday,Feb,1,2024
20240204,2024-02-04,Sunday,Feb,1,2024
20240205,2024-02-05,Monday,Feb,1,2024
20240206,2024-02-06,Tuesday,Feb,1,2024
20240207,2024-02-07,Wednesday,Feb,1,2024
20240208,2024-02-08,Thursday,Feb,1,2024
20240209,2024-02-09,Friday,Feb,1,2024
20240210,2024-02-10,Saturday,Feb,1,2024
20240211,2024-02-11,Sunday,Feb,1,2024
20240212,2024-02-12,Monday,Feb,1,2024
20240213,2024-02-13,Tuesday,Feb,1,2024
20240214,2024-02-14,Wednesday,Feb,1,2024
20240215,2024-02-15,Thursday,Feb,1,2024
20240216,2024-02-16,Friday,Feb,1,2024
20240217,2024-02-17,Saturday,Feb,1,2024
20240218,2024-02-18,Sunday,Feb,1,2024
20240219,2024-02-19,Monday,Feb,1,2024
20240220,2024-02-20,Tuesday,Feb,1,2024
20240221,2024-02-21,Wednesday,Feb,1,2024
20240222,2024-02-22,Thursday,Feb,1,2024
20240223,2024-02-23,Friday,Feb,1,2024
20240224,2024-02-24,Saturday,Feb,1,2024
20240225,2024-02-25,Sunday,Feb,1,2024
20240226,2024-02-26,Monday,Feb,1,2024
20240227,2024-02-27,Tuesday,Feb,1,2024
20240228,2024-02-28,Wednesday,Feb,1,2024
20240229,2024-02-29,Thursday,Feb,1,2024
20240301,2024-03-01,Friday,Mar,1,2024
20240302,2024-03-02,Saturday,Mar,1,2024
20240303,2024-03-03,Sunday,Mar,1,2024
20240304,2024-03-04,Monday,Mar,1,2024
20240305,2024-03-05,Tuesday,Mar,1,2024
20240306,2024-03-06,Wednesday,Mar,1,2024
20240307,2024-03-07,Thursday,Mar,1,2024
20240308,2024-03-08,Friday,Mar,1,2024
20240309,2024-03-09,Saturday,Mar,1,2024
20240310,2024-03-10,Sunday,Mar,1,2024
20240311,2024-03-11,Monday,Mar,1,2024
20240312,2024-03-12,Tuesday,Mar,1,2024
20240313,2024-03-13,Wednesday,Mar,1,2024
20240314,2024-03-14,Thursday,Mar,1,2024
20240315,2024-03-15,Friday,Mar,1,2024
20240316,2024-03-16,Saturday,Mar,1,2024
20240317,2024-03-17,Sunday,Mar,1,2024
20240318,2024-03-18,Monday,Mar,1,2024
20240319,2024-03-19,Tuesday,Mar,1,2024
20240320,2024-03-20,Wednesday,Mar,1,2024
20240321,2024-03-21,Thursday,Mar,1,2024
20240322,2024-03-22,Friday,Mar,1,2024
20240323,2024-03-23,Saturday,Mar,1,2024
20240324,2024-03-24,Sunday,Mar,1,2024
20240325,2024-03-25,Monday,Mar,1,2024
20240326,2024-03-26,Tuesday,Mar,1,2024
20240327,2024-03-27,Wednesday,Mar,1,2024
20240328,2024-03-28,Thursday,Mar,1,2024
20240329,2024-03-29,Friday,Mar,1,2024
20240330,2024-03-30,Saturday,Mar,1,2024
20240331,2024-03-31,Sunday,Mar,1,2024
20240401,2024-04-01,Monday,Apr,2,2024
20240402,2024-04-02,Tuesday,Apr,2,2024
20240403,2024-04-03,Wednesday,Apr,2,2024
20240404,2024-04-04,Thursday,Apr,2,2024
20240405,2024-04-05,Friday,Apr,2,2024
20240406,2024-04-06,Saturday,Apr,2,2024
20240407,2024-04-07,Sunday,Apr,2,2024
20240408,2024-04-08,Monday,Apr,2,2024
20240409,2024-04-09,Tuesday,Apr,2,2024
20240410,2024-04-10,Wednesday,Apr,2,2024
20240411,2024-04-11,Thursday,Apr,2,2024
20240412,2024-04-12,Friday,Apr,2,2024
20240413,2024-04-13,Saturday,Apr,2,2024
20240414,2024-04-14,Sunday,Apr,2,2024
20240415,2024-04-15,Monday,Apr,2,2024
20240416,2024-04-16,Tuesday,Apr,2,2024
20240417,2024-04-17,Wednesday,Apr,2,2024
20240418,2024-04-18,Thursday,Apr,2,2024
20240419,2024-04-19,Friday,Apr,2,2024
20240420,2024-04-20,Saturday,Apr,2,2024
20240421,2024-04-21,Sunday,Apr,2,2024
20240422,2024-04-22,Monday,Apr,2,2024
20240423,2024-04-23,Tuesday,Apr,2,2024
20240424,2024-04-24,Wednesday,Apr,2,2024
20240425,2024-04-25,Thursday,Apr,2,2024
20240426,2024-04-26,Friday,Apr,2,2024
20240427,2024-04-27,Saturday,Apr,2,2024
20240428,2024-04-28,Sunday,Apr,2,2024
20240429,2024-04-29,Monday,Apr,2,2024
20240430,2024-04-30,Tuesday,Apr,2,2024
20240501,2024-05-01,Wednesday,May,2,2024
20240502,2024-05-02,Thursday,May,2,2024
20240503,2024-05-03,Friday,May,2,2024
20240504,2024-05-04,Saturday,May,2,2024
20240505,2024-05-05,Sunday,May,2,2024
20240506,2024-05-06,Monday,May,2,2024
20240507,2024-05-07,Tuesday,May,2,2024
20240508,2024-05-08,Wednesday,May,2,2024
20240509,2024-05-09,Thursday,May,2,2024
20240510,2024-05-10,Friday,May,2,2024
20240511,2024-05-11,Saturday,May,2,2024
20240512,2024-05-12,Sunday,May,2,2024
20240513,2024-05-13,Monday,May,2,2024
20240514,2024-05-14,Tuesday,May,2,2024
20240515,2024-05-15,Wednesday,May,2,2024
20240516,2024-05-16,Thursday,May,2,2024
20240517,2024-05-17,Friday,May,2,2024
20240518,2024-05-18,Saturday,May,2,2024
20240519,2024-05-19,Sunday,May,2,2024
20240520,2024-05-20,Monday,May,2,2024
20240521,2024-05-21,Tuesday,May,2,2024
20240522,2024-05-22,Wednesday,May,2,2024
20240523,2024-05-23,Thursday,May,2,2024
20240524,2024-05-24,Friday,May,2,2024
20240525,2024-05-25,Saturday,May,2,2024
20240526,2024-05-26,Sunday,May,2,2024
20240527,2024-05-27,Monday,May,2,2024
20240528,2024-05-28,Tuesday,May,2,2024
20240529,2024-05-29,Wednesday,May,2,2024
20240530,2024-05-30,Thursday,May,2,2024
20240531,2024-05-31,Friday,May,2,2024
20240601,2024-06-01,Saturday,Jun,2,2024
20240602,2024-06-02,Sunday,Jun,2,2024
20240603,2024-06-03,Monday,Jun,2,2024
20240604,2024-06-04,Tuesday,Jun,2,2024
20240605,2024-06-05,Wednesday,Jun,2,2024
20240606,2024-06-06,Thursday,Jun,2,2024
20240607,2024-06-07,Friday,Jun,2,2024
20240608,2024-06-08,Saturday,Jun,2,2024
20240609,2024-06-09,Sunday,Jun,2,2024
20240610,2024-06-10,Monday,Jun,2,2024
20240611,2024-06-11,Tuesday,Jun,2,2024
20240612,2024-06-12,Wednesday,Jun,2,2024
20240613,2024-06-13,Thursday,Jun,2,2024
20240614,2024-06-14,Friday,Jun,2,2024
20240615,2024-06-15,Saturday,Jun,2,2024
20240616,2024-06-16,Sunday,Jun,2,2024
20240617,2024-06-17,Monday,Jun,2,2024
20240618,2024-06-18,Tuesday,Jun,2,2024
20240619,2024-06-19,Wednesday,Jun,2,2024
20240620,2024-06-20,Thursday,Jun,2,2024
20240621,2024-06-21,Friday,Jun,2,2024
20240622,2024-06-22,Saturday,Jun,2,2024
20240623,2024-06-23,Sunday,Jun,2,2024
20240624,2024-06-24,Monday,Jun,2,2024
20240625,2024-06-25,Tuesday,Jun,2,2024
20240626,2024-06-26,Wednesday,Jun,2,2024
20240627,2024-06-27,Thursday,Jun,2,2024
20240628,2024-06-28,Friday,Jun,2,2024
20240629,2024-06-29,Saturday,Jun,2,2024
20240630,2024-06-30,Sunday,Jun,2,2024
20240701,2024-07-01,Monday,Jul,3,2024
20240702,2024-07-02,Tuesday,Jul,3,2024
20240703,2024-07-03,Wednesday,Jul,3,2024
20240704,2024-07-04,Thursday,Jul,3,2024
20240705,2024-07-05,Friday,Jul,3,2024
20240706,2024-07-06,Saturday,Jul,3,2024
20240707,2024-07-07,Sunday,Jul,3,2024
20240708,2024-07-08,Monday,Jul,3,2024
20240709,2024-07-09,Tuesday,Jul,3,2024
20240710,2024-07-10,Wednesday,Jul,3,2024
20240711,2024-07-11,Thursday,Jul,3,2024
20240712,2024-07-12,Friday,Jul,3,2024
20240713,2024-07-13,Saturday,Jul,3,2024
20240714,2024-07-14,Sunday,Jul,3,2024
20240715,2024-07-15,Monday,Jul,3,2024
20240716,2024-07-16,Tuesday,Jul,3,2024
20240717,2024-07-17,Wednesday,Jul,3,2024
20240718,2024-07-18,Thursday,Jul,3,2024
20240719,2024-07-19,Friday,Jul,3,2024
20240720,2024-07-20,Saturday,Jul,3,2024
20240721,2024-07-21,Sunday,Jul,3,2024
20240722,2024-07-22,Monday,Jul,3,2024
20240723,2024-07-23,Tuesday,Jul,3,2024
20240724,2024-07-24,Wednesday,Jul,3,2024
20240725,2024-07-25,Thursday,Jul,3,2024
20240726,2024-07-26,Friday,Jul,3,2024
20240727,2024-07-27,Saturday,Jul,3,2024
20240728,2024-07-28,Sunday,Jul,3,2024
20240729,2024-07-29,Monday,Jul,3,2024
20240730,2024-07-30,Tuesday,Jul,3,2024
20240731,2024-07-31,Wednesday,Jul,3,2024
20240801,2024-08-01,Thursday,Aug,3,2024
20240802,2024-08-02,Friday,Aug,3,2024
20240803,2024-08-03,Saturday,Aug,3,2024
20240804,2024-08-04,Sunday,Aug,3,2024
20240805,2024-08-05,Monday,Aug,3,2024
20240806,2024-08-06,Tuesday,Aug,3,2024
20240807,2024-08-07,Wednesday,Aug,3,2024
20240808,2024-08-08,Thursday,Aug,3,2024
20240809,2024-08-09,Friday,Aug,3,2024
20240810,2024-08-10,Saturday,Aug,3,2024
20240811,2024-08-11,Sunday,Aug,3,2024
20240812,2024-08-12,Monday,Aug,3,2024
20240813,2024-08-13,Tuesday,Aug,3,2024
20240814,2024-08-14,Wednesday,Aug,3,2024
20240815,2024-08-15,Thursday,Aug,3,2024
20240816,2024-08-16,Friday,Aug,3,2024
20240817,2024-08-17,Saturday,Aug,3,2024
20240818,2024-08-18,Sunday,Aug,3,2024
20240819,2024-08-19,Monday,Aug,3,2024
20240820,2024-08-20,Tuesday,Aug,3,2024
20240821,2024-08-21,Wednesday,Aug,3,2024
20240822,2024-08-22,Thursday,Aug,3,2024
20240823,2024-08-23,Friday,Aug,3,2024
20240824,2024-08-24,Saturday,Aug,3,2024
20240825,2024-08-25,Sunday,Aug,3,2024
20240826,2024-08-26,Monday,Aug,3,2024
20240827,2024-08-27,Tuesday,Aug,3,2024
20240828,2024-08-28,Wednesday,Aug,3,2024
20240829,2024-08-29,Thursday,Aug,3,2024
20240830,2024-08-30,Friday,Aug,3,2024
20240831,2024-08-31,Saturday,Aug,3,2024
20240901,2024-09-01,Sunday,Sep,3,2024
20240902,2024-09-02,Monday,Sep,3,2024
20240903,2024-09-03,Tuesday,Sep,3,2024
20240904,2024-09-04,Wednesday,Sep,3,2024
20240905,2024-09-05,Thursday,Sep,3,2024
20240906,2024-09-06,Friday,Sep,3,2024
20240907,2024-09-07,Saturday,Sep,3,2024
20240908,2024-09-08,Sunday,Sep,3,2024
20240909,2024-09-09,Monday,Sep,3,2024
20240910,2024-09-10,Tuesday,Sep,3,2024
20240911,2024-09-11,Wednesday,Sep,3,2024
20240912,2024-09-12,Thursday,Sep,3,2024
20240913,2024-09-13,Friday,Sep,3,2024
20240914,2024-09-14,Saturday,Sep,3,2024
20240915,2024-09-15,Sunday,Sep,3,2024
20240916,2024-09-16,Monday,Sep,3,2024
20240917,2024-09-17,Tuesday,Sep,3,2024
20240918,2024-09-18,Wednesday,Sep,3,2024
20240919,2024-09-19,Thursday,Sep,3,2024
20240920,2024-09-20,Friday,Sep,3,2024
20240921,2024-09-21,Saturday,Sep,3,2024
20240922,2024-09-22,Sunday,Sep,3,2024
20240923,2024-09-23,Monday,Sep,3,2024
20240924,2024-09-24,Tuesday,Sep,3,2024
20240925,2024-09-25,Wednesday,Sep,3,2024
20240926,2024-09-26,Thursday,Sep,3,2024
20240927,2024-09-27,Friday,Sep,3,2024
20240928,2024-09-28,Saturday,Sep,3,2024
20240929,2024-09-29,Sunday,Sep,3,2024
20240930,2024-09-30,Monday,Sep,3,2024
20241001,2024-10-01,Tuesday,Oct,4,2024
20241002,2024-10-02,Wednesday,Oct,4,2024
20241003,2024-10-03,Thursday,Oct,4,2024
20241004,2024-10-04,Friday,Oct,4,2024
20241005,2024-10-05,Saturday,Oct,4,2024
20241006,2024-10-06,Sunday,Oct,4,2024
20241007,2024-10-07,Monday,Oct,4,2024
20241008,2024-10-08,Tuesday,Oct,4,2024
20241009,2024-10-09,Wednesday,Oct,4,2024
20241010,2024-10-10,Thursday,Oct,4,2024
20241011,2024-10-11,Friday,Oct,4,2024
20241012,2024-10-12,Saturday,Oct,4,2024
20241013,2024-10-13,Sunday,Oct,4,2024
20241014,2024-10-14,Monday,Oct,4,2024
20241015,2024-10-15,Tuesday,Oct,4,2024
20241016,2024-10-16,Wednesday,Oct,4,2024
20241017,2024-10-17,Thursday,Oct,4,2024
20241018,2024-10-18,Friday,Oct,4,2024
20241019,2024-10-19,Saturday,Oct,4,2024
20241020,2024-10-20,Sunday,Oct,4,2024
20241021,2024-10-21,Monday,Oct,4,2024
20241022,2024-10-22,Tuesday,Oct,4,2024
20241023,2024-10-23,Wednesday,Oct,4,2024
20241024,2024-10-24,Thursday,Oct,4,2024
20241025,2024-10-25,Friday,Oct,4,2024
20241026,2024-10-26,Saturday,Oct,4,2024
20241027,2024-10-27,Sunday,Oct,4,2024
20241028,2024-10-28,Monday,Oct,4,2024
20241029,2024-10-29,Tuesday,Oct,4,2024
20241030,2024-10-30,Wednesday,Oct,4,2024
20241031,2024-10-31,Thursday,Oct,4,2024
20241101,2024-11-01,Friday,Nov,4,2024
20241102,2024-11-02,Saturday,Nov,4,2024
20241103,2024-11-03,Sunday,Nov,4,2024
20241104,2024-11-04,Monday,Nov,4,2024
20241105,2024-11-05,Tuesday,Nov,4,2024
20241106,2024-11-06,Wednesday,Nov,4,2024
20241107,2024-11-07,Thursday,Nov,4,2024
20241108,2024-11-08,Friday,Nov,4,2024
20241109,2024-11-09,Saturday,Nov,4,2024
20241110,2024-11-10,Sunday,Nov,4,2024
20241111,2024-11-11,Monday,Nov,4,2024
20241112,2024-11-12,Tuesday,Nov,4,2024
20241113,2024-11-13,Wednesday,Nov,4,2024
20241114,2024-11-14,Thursday,Nov,4,2024
20241115,2024-11-15,Friday,Nov,4,2024
20241116,2024-11-16,Saturday,Nov,4,2024
20241117,2024-11-17,Sunday,Nov,4,2024
20241118,2024-11-18,Monday,Nov,4,2024
20241119,2024-11-19,Tuesday,Nov,4,2024
20241120,2024-11-20,Wednesday,Nov,4,2024
20241121,2024-11-21,Thursday,Nov,4,2024
20241122,2024-11-22,Friday,Nov,4,2024
20241123,2024-11-23,Saturday,Nov,4,2024
20241124,2024-11-24,Sunday,Nov,4,2024
20241125,2024-11-25,Monday,Nov,4,2024
20241126,2024-11-26,Tuesday,Nov,4,2024
20241127,2024-11-27,Wednesday,Nov,4,2024
20241128,2024-11-28,Thursday,Nov,4,2024
20241129,2024-11-29,Friday,Nov,4,2024
20241130,2024-11-30,Saturday,Nov,4,2024
20241201,2024-12-01,Sunday,Dec,4,2024
20241202,2024-12-02,Monday,Dec,4,2024
20241203,2024-12-03,Tuesday,Dec,4,2024
20241204,2024-12-04,Wednesday,Dec,4,2024
20241205,2024-12-05,Thursday,Dec,4,2024
20241206,2024-12-06,Friday,Dec,4,2024
20241207,2024-12-07,Saturday,Dec,4,2024
20241208,2024-12-08,Sunday,Dec,4,2024
20241209,2024-12-09,Monday,Dec,4,2024
20241210,2024-12-10,Tuesday,Dec,4,2024
20241211,2024-12-11,Wednesday,Dec,4,2024
20241212,2024-12-12,Thursday,Dec,4,2024
20241213,2024-12-13,Friday,Dec,4,2024
20241214,2024-12-14,Saturday,Dec,4,2024
20241215,2024-12-15,Sunday,Dec,4,2024
20241216,2024-12-16,Monday,Dec,4,2024
20241217,2024-12-17,Tuesday,Dec,4,2024
20241218,2024-12-18,Wednesday,Dec,4,2024
20241219,2024-12-19,Thursday,Dec,4,2024
20241220,2024-12-20,Friday,Dec,4,2024
20241221,2024-12-21,Saturday,Dec,4,2024
20241222,2024-12-22,Sunday,Dec,4,2024
20241223,2024-12-23,Monday,Dec,4,2024
20241224,2024-12-24,Tuesday,Dec,4,2024
20241225,2024-12-25,Wednesday,Dec,4,2024
20241226,2024-12-26,Thursday,Dec,4,2024
20241227,2024-12-27,Friday,Dec,4,2024
20241228,2024-12-28,Saturday,Dec,4,2024
20241229,2024-12-29,Sunday,Dec,4,2024
20241230,2024-12-30,Monday,Dec,4,2024
20241231,2024-12-31,Tuesday,Dec,4,2024
20250101,2025-01-01,Wednesday,Jan,1,2025
20250102,2025-01-02,Thursday,Jan,1,2025
20250103,2025-01-03,Friday,Jan,1,2025
20250104,2025-01-04,Saturday,Jan,1,2025
20250105,2025-01-05,Sunday,Jan,1,2025
20250106,2025-01-06,Monday,Jan,1,2025
20250107,2025-01-07,Tuesday,Jan,1,2025
20250108,2025-01-08,Wednesday,Jan,1,2025
20250109,2025-01-09,Thursday,Jan,1,2025
20250110,2025-01-10,Friday,Jan,1,2025
20250111,2025-01-11,Saturday,Jan,1,2025
20250112,2025-01-12,Sunday,Jan,1,2025
20250113,2025-01-13,Monday,Jan,1,2025
20250114,2025-01-14,Tuesday,Jan,1,2025
20250115,2025-01-15,Wednesday,Jan,1,2025
20250116,2025-01-16,Thursday,Jan,1,2025
20250117,2025-01-17,Friday,Jan,1,2025
20250118,2025-01-18,Saturday,Jan,1,2025
20250119,2025-01-19,Sunday,Jan,1,2025
20250120,2025-01-20,Monday,Jan,1,2025
20250121,2025-01-21,Tuesday,Jan,1,2025
20250122,2025-01-22,Wednesday,Jan,1,2025
20250123,2025-01-23,Thursday,Jan,1,2025
20250124,2025-01-24,Friday,Jan,1,2025
20250125,2025-01-25,Saturday,Jan,1,2025
20250126,2025-01-26,Sunday,Jan,1,2025
20250127,2025-01-27,Monday,Jan,1,2025
20250128,2025-01-28,Tuesday,Jan,1,2025
20250129,2025-01-29,Wednesday,Jan,1,2025
20250130,2025-01-30,Thursday,Jan,1,2025
20250131,2025-01-31,Friday,Jan,1,2025
20250201,2025-02-01,Saturday,Feb,1,2025
20250202,2025-02-02,Sunday,Feb,1,2025
20250203,2025-02-03,Monday,Feb,1,2025
20250204,2025-02-04,Tuesday,Feb,1,2025
20250205,2025-02-05,Wednesday,Feb,1,2025
20250206,2025-02-06,Thursday,Feb,1,2025
20250207,2025-02-07,Friday,Feb,1,2025
20250208,2025-02-08,Saturday,Feb,1,2025
20250209,2025-02-09,Sunday,Feb,1,2025
20250210,2025-02-10,Monday,Feb,1,2025
20250211,2025-02-11,Tuesday,Feb,1,2025
20250212,2025-02-12,Wednesday,Feb,1,2025
20250213,2025-02-13,Thursday,Feb,1,2025
20250214,2025-02-14,Friday,Feb,1,2025
20250215,2025-02-15,Saturday,Feb,1,2025
20250216,2025-02-16,Sunday,Feb,1,2025
20250217,2025-02-17,Monday,Feb,1,2025
20250218,2025-02-18,Tuesday,Feb,1,2025
20250219,2025-02-19,Wednesday,Feb,1,2025
20250220,2025-02-20,Thursday,Feb,1,2025
20250221,2025-02-21,Friday,Feb,1,2025
20250222,2025-02-22,Saturday,Feb,1,2025
20250223,2025-02-23,Sunday,Feb,1,2025
20250224,2025-02-24,Monday,Feb,1,2025
20250225,2025-02-25,Tuesday,Feb,1,2025
20250226,2025-02-26,Wednesday,Feb,1,2025
20250227,2025-02-27,Thursday,Feb,1,2025
20250228,2025-02-28,Friday,Feb,1,2025
20250301,2025-03-01,Saturday,Mar,1,2025
20250302,2025-03-02,Sunday,Mar,1,2025
20250303,2025-03-03,Monday,Mar,1,2025
20250304,2025-03-04,Tuesday,Mar,1,2025
20250305,2025-03-05,Wednesday,Mar,1,2025
20250306,2025-03-06,Thursday,Mar,1,2025
20250307,2025-03-07,Friday,Mar,1,2025
20250308,2025-03-08,Saturday,Mar,1,2025
20250309,2025-03-09,Sunday,Mar,1,2025
20250310,2025-03-10,Monday,Mar,1,2025
20250311,2025-03-11,Tuesday,Mar,1,2025
20250312,2025-03-12,Wednesday,Mar,1,2025
20250313,2025-03-13,Thursday,Mar,1,2025
20250314,2025-03-14,Friday,Mar,1,2025
20250315,2025-03-15,Saturday,Mar,1,2025
20250316,2025-03-16,Sunday,Mar,1,2025
20250317,2025-03-17,Monday,Mar,1,2025
20250318,2025-03-18,Tuesday,Mar,1,2025
20250319,2025-03-19,Wednesday,Mar,1,2025
20250320,2025-03-20,Thursday,Mar,1,2025
20250321,2025-03-21,Friday,Mar,1,2025
20250322,2025-03-22,Saturday,Mar,1,2025
20250323,2025-03-23,Sunday,Mar,1,2025
20250324,2025-03-24,Monday,Mar,1,2025
20250325,2025-03-25,Tuesday,Mar,1,2025
20250326,2025-03-26,Wednesday,Mar,1,2025
20250327,2025-03-27,Thursday,Mar,1,2025
20250328,2025-03-28,Friday,Mar,1,2025
20250329,2025-03-29,Saturday,Mar,1,2025
20250330,2025-03-30,Sunday,Mar,1,2025
20250331,2025-03-31,Monday,Mar,1,2025
20250401,2025-04-01,Tuesday,Apr,2,2025
20250402,2025-04-02,Wednesday,Apr,2,2025
20250403,2025-04-03,Thursday,Apr,2,2025
20250404,2025-04-04,Friday,Apr,2,2025
20250405,2025-04-05,Saturday,Apr,2,2025
20250406,2025-04-06,Sunday,Apr,2,2025
20250407,2025-04-07,Monday,Apr,2,2025
20250408,2025-04-08,Tuesday,Apr,2,2025
20250409,2025-04-09,Wednesday,Apr,2,2025
20250410,2025-04-10,Thursday,Apr,2,2025
20250411,2025-04-11,Friday,Apr,2,2025
20250412,2025-04-12,Saturday,Apr,2,2025
20250413,2025-04-13,Sunday,Apr,2,2025
20250414,2025-04-14,Monday,Apr,2,2025
20250415,2025-04-15,Tuesday,Apr,2,2025
20250416,2025-04-16,Wednesday,Apr,2,2025
20250417,2025-04-17,Thursday,Apr,2,2025
20250418,2025-04-18,Friday,Apr,2,2025
20250419,2025-04-19,Saturday,Apr,2,2025
20250420,2025-04-20,Sunday,Apr,2,2025
20250421,2025-04-21,Monday,Apr,2,2025
20250422,2025-04-22,Tuesday,Apr,2,2025
20250423,2025-04-23,Wednesday,Apr,2,2025
20250424,2025-04-24,Thursday,Apr,2,2025
20250425,2025-04-25,Friday,Apr,2,2025
20250426,2025-04-26,Saturday,Apr,2,2025
20250427,2025-04-27,Sunday,Apr,2,2025
20250428,2025-04-28,Monday,Apr,2,2025
20250429,2025-04-29,Tuesday,Apr,2,2025
20250430,2025-04-30,Wednesday,Apr,2,2025
20250501,2025-05-01,Thursday,May,2,2025
20250502,2025-05-02,Friday,May,2,2025
20250503,2025-05-03,Saturday,May,2,2025
20250504,2025-05-04,Sunday,May,2,2025
20250505,2025-05-05,Monday,May,2,2025
20250506,2025-05-06,Tuesday,May,2,2025
20250507,2025-05-07,Wednesday,May,2,2025
20250508,2025-05-08,Thursday,May,2,2025
20250509,2025-05-09,Friday,May,2,2025
20250510,2025-05-10,Saturday,May,2,2025
20250511,2025-05-11,Sunday,May,2,2025
20250512,2025-05-12,Monday,May,2,2025
20250513,2025-05-13,Tuesday,May,2,2025
20250514,2025-05-14,Wednesday,May,2,2025
20250515,2025-05-15,Thursday,May,2,2025
20250516,2025-05-16,Friday,May,2,2025
20250517,2025-05-17,Saturday,May,2,2025
20250518,2025-05-18,Sunday,May,2,2025
20250519,2025-05-19,Monday,May,2,2025
20250520,2025-05-20,Tuesday,May,2,2025
20250521,2025-05-21,Wednesday,May,2,2025
20250522,2025-05-22,Thursday,May,2,2025
20250523,2025-05-23,Friday,May,2,2025
20250524,2025-05-24,Saturday,May,2,2025
20250525,2025-05-25,Sunday,May,2,2025
20250526,2025-05-26,Monday,May,2,2025
20250527,2025-05-27,Tuesday,May,2,2025
20250528,2025-05-28,Wednesday,May,2,2025
20250529,2025-05-29,Thursday,May,2,2025
20250530,2025-05-30,Friday,May,2,2025
20250531,2025-05-31,Saturday,May,2,2025
20250601,2025-06-01,Sunday,Jun,2,2025
20250602,2025-06-02,Monday,Jun,2,2025
20250603,2025-06-03,Tuesday,Jun,2,2025
20250604,2025-06-04,Wednesday,Jun,2,2025
20250605,2025-06-05,Thursday,Jun,2,2025
20250606,2025-06-06,Friday,Jun,2,2025
20250607,2025-06-07,Saturday,Jun,2,2025
20250608,2025-06-08,Sunday,Jun,2,2025
20250609,2025-06-09,Monday,Jun,2,2025
20250610,2025-06-10,Tuesday,Jun,2,2025
20250611,2025-06-11,Wednesday,Jun,2,2025
20250612,2025-06-12,Thursday,Jun,2,2025
20250613,2025-06-13,Friday,Jun,2,2025
20250614,2025-06-14,Saturday,Jun,2,2025
20250615,2025-06-15,Sunday,Jun,2,2025
20250616,2025-06-16,Monday,Jun,2,2025
20250617,2025-06-17,Tuesday,Jun,2,2025
20250618,2025-06-18,Wednesday,Jun,2,2025
20250619,2025-06-19,Thursday,Jun,2,2025
20250620,2025-06-20,Friday,Jun,2,2025
20250621,2025-06-21,Saturday,Jun,2,2025
20250622,2025-06-22,Sunday,Jun,2,2025
20250623,2025-06-23,Monday,Jun,2,2025
20250624,2025-06-24,Tuesday,Jun,2,2025
20250625,2025-06-25,Wednesday,Jun,2,2025
20250626,2025-06-26,Thursday,Jun,2,2025
20250627,2025-06-27,Friday,Jun,2,2025
20250628,2025-06-28,Saturday,Jun,2,2025
20250629,2025-06-29,Sunday,Jun,2,2025
20250630,2025-06-30,Monday,Jun,2,2025
20250701,2025-07-01,Tuesday,Jul,3,2025
20250702,2025-07-02,Wednesday,Jul,3,2025
20250703,2025-07-03,Thursday,Jul,3,2025
20250704,2025-07-04,Friday,Jul,3,2025
20250705,2025-07-05,Saturday,Jul,3,2025
20250706,2025-07-06,Sunday,Jul,3,2025
20250707,2025-07-07,Monday,Jul,3,2025
20250708,2025-07-08,Tuesday,Jul,3,2025
20250709,2025-07-09,Wednesday,Jul,3,2025
20250710,2025-07-10,Thursday,Jul,3,2025
20250711,2025-07-11,Friday,Jul,3,2025
20250712,2025-07-12,Saturday,Jul,3,2025
20250713,2025-07-13,Sunday,Jul,3,2025
20250714,2025-07-14,Monday,Jul,3,2025
20250715,2025-07-15,Tuesday,Jul,3,2025
20250716,2025-07-16,Wednesday,Jul,3,2025
20250717,2025-07-17,Thursday,Jul,3,2025
20250718,2025-07-18,Friday,Jul,3,2025
20250719,2025-07-19,Saturday,Jul,3,2025
20250720,2025-07-20,Sunday,Jul,3,2025
20250721,2025-07-21,Monday,Jul,3,2025
20250722,2025-07-22,Tuesday,Jul,3,2025
20250723,2025-07-23,Wednesday,Jul,3,2025
20250724,2025-07-24,Thursday,Jul,3,2025
20250725,2025-07-25,Friday,Jul,3,2025
20250726,2025-07-26,Saturday,Jul,3,2025
20250727,2025-07-27,Sunday,Jul,3,2025
20250728,2025-07-28,Monday,Jul,3,2025
20250729,2025-07-29,Tuesday,Jul,3,2025
20250730,2025-07-30,Wednesday,Jul,3,2025
20250731,2025-07-31,Thursday,Jul,3,2025
20250801,2025-08-01,Friday,Aug,3,2025
20250802,2025-08-02,Saturday,Aug,3,2025
20250803,2025-08-03,Sunday,Aug,3,2025
20250804,2025-08-04,Monday,Aug,3,2025
20250805,2025-08-05,Tuesday,Aug,3,2025
20250806,2025-08-06,Wednesday,Aug,3,2025
20250807,2025-08-07,Thursday,Aug,3,2025
20250808,2025-08-08,Friday,Aug,3,2025
20250809,2025-08-09,Saturday,Aug,3,2025
20250810,2025-08-10,Sunday,Aug,3,2025
20250811,2025-08-11,Monday,Aug,3,2025
20250812,2025-08-12,Tuesday,Aug,3,2025
20250813,2025-08-13,Wednesday,Aug,3,2025
20250814,2025-08-14,Thursday,Aug,3,2025
20250815,2025-08-15,Friday,Aug,3,2025
20250816,2025-08-16,Saturday,Aug,3,2025
20250817,2025-08-17,Sunday,Aug,3,2025
20250818,2025-08-18,Monday,Aug,3,2025
20250819,2025-08-19,Tuesday,Aug,3,2025
20250820,2025-08-20,Wednesday,Aug,3,2025
20250821,2025-08-21,Thursday,Aug,3,2025
20250822,2025-08-22,Friday,Aug,3,2025
20250823,2025-08-23,Saturday,Aug,3,2025
20250824,2025-08-24,Sunday,Aug,3,2025
20250825,2025-08-25,Monday,Aug,3,2025
20250826,2025-08-26,Tuesday,Aug,3,2025
20250827,2025-08-27,Wednesday,Aug,3,2025
20250828,2025-08-28,Thursday,Aug,3,2025
20250829,2025-08-29,Friday,Aug,3,2025
20250830,2025-08-30,Saturday,Aug,3,2025
20250831,2025-08-31,Sunday,Aug,3,2025
20250901,2025-09-01,Monday,Sep,3,2025
20250902,2025-09-02,Tuesday,Sep,3,2025
20250903,2025-09-03,Wednesday,Sep,3,2025
20250904,2025-09-04,Thursday,Sep,3,2025
20250905,2025-09-05,Friday,Sep,3,2025
20250906,2025-09-06,Saturday,Sep,3,2025
20250907,2025-09-07,Sunday,Sep,3,2025
20250908,2025-09-08,Monday,Sep,3,2025
20250909,2025-09-09,Tuesday,Sep,3,2025
20250910,2025-09-10,Wednesday,Sep,3,2025
20250911,2025-09-11,Thursday,Sep,3,2025
20250912,2025-09-12,Friday,Sep,3,2025
20250913,2025-09-13,Saturday,Sep,3,2025
20250914,2025-09-14,Sunday,Sep,3,2025
20250915,2025-09-15,Monday,Sep,3,2025
20250916,2025-09-16,Tuesday,Sep,3,2025
20250917,2025-09-17,Wednesday,Sep,3,2025
20250918,2025-09-18,Thursday,Sep,3,2025
20250919,2025-09-19,Friday,Sep,3,2025
20250920,2025-09-20,Saturday,Sep,3,2025
20250921,2025-09-21,Sunday,Sep,3,2025
20250922,2025-09-22,Monday,Sep,3,2025
20250923,2025-09-23,Tuesday,Sep,3,2025
20250924,2025-09-24,Wednesday,Sep,3,2025
20250925,2025-09-25,Thursday,Sep,3,2025
20250926,2025-09-26,Friday,Sep,3,2025
20250927,2025-09-27,Saturday,Sep,3,2025
20250928,2025-09-28,Sunday,Sep,3,2025
20250929,2025-09-29,Monday,Sep,3,2025
20250930,2025-09-30,Tuesday,Sep,3,2025
20251001,2025-10-01,Wednesday,Oct,4,2025
20251002,2025-10-02,Thursday,Oct,4,2025
20251003,2025-10-03,Friday,Oct,4,2025
20251004,2025-10-04,Saturday,Oct,4,2025
20251005,2025-10-05,Sunday,Oct,4,2025
20251006,2025-10-06,Monday,Oct,4,2025
20251007,2025-10-07,Tuesday,Oct,4,2025
20251008,2025-10-08,Wednesday,Oct,4,2025
20251009,2025-10-09,Thursday,Oct,4,2025
20251010,2025-10-10,Friday,Oct,4,2025
20251011,2025-10-11,Saturday,Oct,4,2025
20251012,2025-10-12,Sunday,Oct,4,2025
20251013,2025-10-13,Monday,Oct,4,2025
20251014,2025-10-14,Tuesday,Oct,4,2025
20251015,2025-10-15,Wednesday,Oct,4,2025
20251016,2025-10-16,Thursday,Oct,4,2025
20251017,2025-10-17,Friday,Oct,4,2025
20251018,2025-10-18,Saturday,Oct,4,2025
20251019,2025-10-19,Sunday,Oct,4,2025
20251020,2025-10-20,Monday,Oct,4,2025
20251021,2025-10-21,Tuesday,Oct,4,2025
20251022,2025-10-22,Wednesday,Oct,4,2025
20251023,2025-10-23,Thursday,Oct,4,2025
20251024,2025-10-24,Friday,Oct,4,2025
20251025,2025-10-25,Saturday,Oct,4,2025
20251026,2025-10-26,Sunday,Oct,4,2025
20251027,2025-10-27,Monday,Oct,4,2025
20251028,2025-10-28,Tuesday,Oct,4,2025
20251029,2025-10-29,Wednesday,Oct,4,2025
20251030,2025-10-30,Thursday,Oct,4,2025
20251031,2025-10-31,Friday,Oct,4,2025
20251101,2025-11-01,Saturday,Nov,4,2025
20251102,2025-11-02,Sunday,Nov,4,2025
20251103,2025-11-03,Monday,Nov,4,2025
20251104,2025-11-04,Tuesday,Nov,4,2025
20251105,2025-11-05,Wednesday,Nov,4,2025
20251106,2025-11-06,Thursday,Nov,4,2025
20251107,2025-11-07,Friday,Nov,4,2025
20251108,2025-11-08,Saturday,Nov,4,2025
20251109,2025-11-09,Sunday,Nov,4,2025
20251110,2025-11-10,Monday,Nov,4,2025
20251111,2025-11-11,Tuesday,Nov,4,2025
20251112,2025-11-12,Wednesday,Nov,4,2025
20251113,2025-11-13,Thursday,Nov,4,2025
20251114,2025-11-14,Friday,Nov,4,2025
20251115,2025-11-15,Saturday,Nov,4,2025
20251116,2025-11-16,Sunday,Nov,4,2025
20251117,2025-11-17,Monday,Nov,4,2025
20251118,2025-11-18,Tuesday,Nov,4,2025
20251119,2025-11-19,Wednesday,Nov,4,2025
20251120,2025-11-20,Thursday,Nov,4,2025
20251121,2025-11-21,Friday,Nov,4,2025
20251122,2025-11-22,Saturday,Nov,4,2025
20251123,2025-11-23,Sunday,Nov,4,2025
20251124,2025-11-24,Monday,Nov,4,2025
20251125,2025-11-25,Tuesday,Nov,4,2025
20251126,2025-11-26,Wednesday,Nov,4,2025
20251127,2025-11-27,Thursday,Nov,4,2025
20251128,2025-11-28,Friday,Nov,4,2025
20251129,2025-11-29,Saturday,Nov,4,2025
20251130,2025-11-30,Sunday,Nov,4,2025
20251201,2025-12-01,Monday,Dec,4,2025
20251202,2025-12-02,Tuesday,Dec,4,2025
20251203,2025-12-03,Wednesday,Dec,4,2025
20251204,2025-12-04,Thursday,Dec,4,2025
20251205,2025-12-05,Friday,Dec,4,2025
20251206,2025-12-06,Saturday,Dec,4,2025
20251207,2025-12-07,Sunday,Dec,4,2025
20251208,2025-12-08,Monday,Dec,4,2025
20251209,2025-12-09,Tuesday,Dec,4,2025
20251210,2025-12-10,Wednesday,Dec,4,2025
20251211,2025-12-11,Thursday,Dec,4,2025
20251212,2025-12-12,Friday,Dec,4,2025
20251213,2025-12-13,Saturday,Dec,4,2025
20251214,2025-12-14,Sunday,Dec,4,2025
20251215,2025-12-15,Monday,Dec,4,2025
20251216,2025-12-16,Tuesday,Dec,4,2025
20251217,2025-12-17,Wednesday,Dec,4,2025
20251218,2025-12-18,Thursday,Dec,4,2025
20251219,2025-12-19,Friday,Dec,4,2025
20251220,2025-12-20,Saturday,Dec,4,2025
20251221,2025-12-21,Sunday,Dec,4,2025
20251222,2025-12-22,Monday,Dec,4,2025
20251223,2025-12-23,Tuesday,Dec,4,2025
20251224,2025-12-24,Wednesday,Dec,4,2025
20251225,2025-12-25,Thursday,Dec,4,2025
20251226,2025-12-26,Friday,Dec,4,2025
20251227,2025-12-27,Saturday,Dec,4,2025
20251228,2025-12-28,Sunday,Dec,4,2025
20251229,2025-12-29,Monday,Dec,4,2025
20251230,2025-12-30,Tuesday,Dec,4,2025
20251231,2025-12-31,Wednesday,Dec,4,2025
